,Heavy,Never,Occas,Regul,Total
Freq,7,87,12,9,115
None,1,18,3,1,23
Some,3,84,4,7,98
,11,189,19,17,236
,,,,,
,,,Expected,,
,5.360169492,92.09745763,9.258474576,8.283898305,
,1.072033898,18.41949153,1.851694915,1.656779661,
,4.56779661,78.48305085,7.889830508,7.059322034,
,,,,,
,,,ChiSquare,,
,0.501671468,0.282136716,0.811792654,0.06190342,
,0.004840222,0.009553637,0.712106815,0.260360224,
,0.538112009,0.387812752,1.917757469,0.000498504,
,,,,,
,,,,,
,,,5.488545891,,
